job_id,title,company,city,salary_min,salary_max,currency,date_posted,description
JOB0000,Senior Business Analyst,TechNova,Bengaluru,1800000,3150000,INR,2025-06-09,"We are looking for a Business Analyst to join our team. Required skills: Tableau, Python, Excel, Storytelling, SQL, Data Visualization. Responsibilities include building data pipelines, working with stakeholders, and delivering insights. Nice-to-have: strong communication and problem-solving skills."
JOB0001,Junior Full Stack Developer,TechNova,Bengaluru,500000,1000000,INR,2025-07-09,"We are looking for a Full Stack Developer to join our team. Required skills: Node, AWS, Docker, JavaScript, CI/CD, REST. Responsibilities include building data pipelines, working with stakeholders, and delivering insights. Nice-to-have: strong communication and problem-solving skills."
JOB0002,Mid Business Analyst,BluePanda,Mumbai,900000,1800000,INR,2025-02-01,"We are looking for a Business Analyst to join our team. Required skills: Statistics, Data Visualization, A/B Testing, SQL, Excel, Tableau. Responsibilities include building data pipelines, working with stakeholders, and delivering insights. Nice-to-have: strong communication and problem-solving skills."
JOB0003,Senior Data Engineer,NeoByte,Hyderabad,2300000,4025000,INR,2025-06-16,"We are looking for a Data Engineer to join our team. Required skills: SQL, DBT, ETL, Redshift, Airflow, Azure. Responsibilities include building data pipelines, working with stakeholders, and delivering insights. Nice-to-have: strong communication and problem-solving skills."
JOB0004,Junior Data Engineer,InSight Labs,Bengaluru,575000,1150000,INR,2025-06-02,"We are looking for a Data Engineer to join our team. Required skills: ETL, SQL, GCP, Kafka, Azure, Airflow. Responsibilities include building data pipelines, working with stakeholders, and delivering insights. Nice-to-have: strong communication and problem-solving skills."
JOB0005,Junior ML Engineer,DataWorks,Delhi,600000,1200000,INR,2025-02-21,"We are looking for a ML Engineer to join our team. Required skills: CI/CD, MLOps, Docker, TensorFlow, Feature Stores, Model Serving. Responsibilities include building data pipelines, working with stakeholders, and delivering insights. Nice-to-have: strong communication and problem-solving skills."
JOB0006,Mid Data Engineer,AlgoSphere,Chennai,1150000,2300000,INR,2025-06-18,"We are looking for a Data Engineer to join our team. Required skills: Airflow, DBT, Hadoop, Data Warehousing, Kafka, SQL. Responsibilities include building data pipelines, working with stakeholders, and delivering insights. Nice-to-have: strong communication and problem-solving skills."
JOB0007,Mid Business Analyst,NeoByte,Hyderabad,900000,1800000,INR,2025-07-27,"We are looking for a Business Analyst to join our team. Required skills: Statistics, A/B Testing, Power BI, Storytelling, Data Visualization, Excel. Responsibilities include building data pipelines, working with stakeholders, and delivering insights. Nice-to-have: strong communication and problem-solving skills."
JOB0008,Junior Data Engineer,NeoByte,Bengaluru,575000,1150000,INR,2025-05-28,"We are looking for a Data Engineer to join our team. Required skills: Redshift, Airflow, ETL, Kafka, SQL, Hadoop. Responsibilities include building data pipelines, working with stakeholders, and delivering insights. Nice-to-have: strong communication and problem-solving skills."
JOB0009,Lead Business Analyst,NeoByte,Pune,2700000,4050000,INR,2025-05-25,"We are looking for a Business Analyst to join our team. Required skills: A/B Testing, Statistics, Excel, Power BI, Python, Data Visualization. Responsibilities include building data pipelines, working with stakeholders, and delivering insights. Nice-to-have: strong communication and problem-solving skills."
JOB0010,Lead Backend Developer,BluePanda,Pune,3150000,4725000,INR,2024-10-06,"We are looking for a Backend Developer to join our team. Required skills: GraphQL, Flask, FastAPI, Redis, Python, PostgreSQL. Responsibilities include building data pipelines, working with stakeholders, and delivering insights. Nice-to-have: strong communication and problem-solving skills."
JOB0011,Lead ML Engineer,CloudAxis,Delhi,3600000,5400000,INR,2025-05-08,"We are looking for a ML Engineer to join our team. Required skills: FastAPI, TensorFlow, AWS, Airflow, Model Serving, GCP. Responsibilities include building data pipelines, working with stakeholders, and delivering insights. Nice-to-have: strong communication and problem-solving skills."
JOB0012,Junior Data Engineer,TechNova,Mumbai,575000,1150000,INR,2025-01-08,"We are looking for a Data Engineer to join our team. Required skills: Data Warehousing, GCP, Kafka, DBT, Airflow, SQL. Responsibilities include building data pipelines, working with stakeholders, and delivering insights. Nice-to-have: strong communication and problem-solving skills."
JOB0013,Junior Full Stack Developer,InSight Labs,Hyderabad,500000,1000000,INR,2025-06-27,"We are looking for a Full Stack Developer to join our team. Required skills: AWS, Express, Docker, React, TypeScript, PostgreSQL. Responsibilities include building data pipelines, working with stakeholders, and delivering insights. Nice-to-have: strong communication and problem-solving skills."
JOB0014,Mid Data Engineer,NeoByte,Delhi,1150000,2300000,INR,2025-06-13,"We are looking for a Data Engineer to join our team. Required skills: Airflow, Redshift, Spark, GCP, Data Warehousing, Python. Responsibilities include building data pipelines, working with stakeholders, and delivering insights. Nice-to-have: strong communication and problem-solving skills."
JOB0015,Junior Data Engineer,TechNova,Chennai,575000,1150000,INR,2025-05-28,"We are looking for a Data Engineer to join our team. Required skills: Airflow, Redshift, Kafka, Hadoop, Python, Data Warehousing. Responsibilities include building data pipelines, working with stakeholders, and delivering insights. Nice-to-have: strong communication and problem-solving skills."
JOB0016,Junior Data Scientist,InSight Labs,Bengaluru,550000,1100000,INR,2025-05-19,"We are looking for a Data Scientist to join our team. Required skills: Seaborn, NLP, Power BI, NumPy, Matplotlib, Deep Learning. Responsibilities include building data pipelines, working with stakeholders, and delivering insights. Nice-to-have: strong communication and problem-solving skills."
JOB0017,Mid ML Engineer,BluePanda,Pune,1200000,2400000,INR,2025-07-20,"We are looking for a ML Engineer to join our team. Required skills: Azure, Feature Stores, Airflow, MLOps, Docker, AWS. Responsibilities include building data pipelines, working with stakeholders, and delivering insights. Nice-to-have: strong communication and problem-solving skills."
JOB0018,Lead Business Analyst,InSight Labs,Pune,2700000,4050000,INR,2025-06-08,"We are looking for a Business Analyst to join our team. Required skills: Excel, Tableau, Python, SQL, Power BI, Storytelling. Responsibilities include building data pipelines, working with stakeholders, and delivering insights. Nice-to-have: strong communication and problem-solving skills."
JOB0019,Junior Backend Developer,NeoByte,Hyderabad,525000,1050000,INR,2024-09-16,"We are looking for a Backend Developer to join our team. Required skills: Django, Python, Flask, Unit Testing, Docker, FastAPI. Responsibilities include building data pipelines, working with stakeholders, and delivering insights. Nice-to-have: strong communication and problem-solving skills."
JOB0020,Lead Backend Developer,StackForge,Hyderabad,3150000,4725000,INR,2025-03-07,"We are looking for a Backend Developer to join our team. Required skills: Flask, Celery, FastAPI, Redis, Django, Unit Testing. Responsibilities include building data pipelines, working with stakeholders, and delivering insights. Nice-to-have: strong communication and problem-solving skills."
JOB0021,Lead ML Engineer,DataWorks,Bengaluru,3600000,5400000,INR,2024-09-11,"We are looking for a ML Engineer to join our team. Required skills: Kubernetes, AWS, Feature Stores, GCP, Python, TensorFlow. Responsibilities include building data pipelines, working with stakeholders, and delivering insights. Nice-to-have: strong communication and problem-solving skills."
JOB0022,Junior Full Stack Developer,AlgoSphere,Delhi,500000,1000000,INR,2025-03-15,"We are looking for a Full Stack Developer to join our team. Required skills: Node, AWS, CI/CD, Docker, MongoDB, TypeScript. Responsibilities include building data pipelines, working with stakeholders, and delivering insights. Nice-to-have: strong communication and problem-solving skills."
JOB0023,Mid ML Engineer,InSight Labs,Pune,1200000,2400000,INR,2025-07-10,"We are looking for a ML Engineer to join our team. Required skills: Model Serving, TensorFlow, GCP, Azure, Feature Stores, Python. Responsibilities include building data pipelines, working with stakeholders, and delivering insights. Nice-to-have: strong communication and problem-solving skills."
JOB0024,Mid Backend Developer,DataWorks,Bengaluru,1050000,2100000,INR,2024-09-10,"We are looking for a Backend Developer to join our team. Required skills: FastAPI, PostgreSQL, Redis, Celery, Django, Flask. Responsibilities include building data pipelines, working with stakeholders, and delivering insights. Nice-to-have: strong communication and problem-solving skills."
JOB0025,Lead ML Engineer,TechNova,Chennai,3600000,5400000,INR,2025-07-15,"We are looking for a ML Engineer to join our team. Required skills: Docker, Feature Stores, GCP, Model Serving, AWS, Azure. Responsibilities include building data pipelines, working with stakeholders, and delivering insights. Nice-to-have: strong communication and problem-solving skills."
JOB0026,Mid Business Analyst,CloudAxis,Chennai,900000,1800000,INR,2025-01-18,"We are looking for a Business Analyst to join our team. Required skills: Data Visualization, Tableau, SQL, Python, Storytelling, A/B Testing. Responsibilities include building data pipelines, working with stakeholders, and delivering insights. Nice-to-have: strong communication and problem-solving skills."
JOB0027,Mid Data Scientist,InSight Labs,Bengaluru,1100000,2200000,INR,2024-09-14,"We are looking for a Data Scientist to join our team. Required skills: Python, NLP, Pandas, NumPy, Seaborn, SQL. Responsibilities include building data pipelines, working with stakeholders, and delivering insights. Nice-to-have: strong communication and problem-solving skills."
JOB0028,Junior Business Analyst,BluePanda,Hyderabad,450000,900000,INR,2024-12-22,"We are looking for a Business Analyst to join our team. Required skills: Tableau, SQL, Data Visualization, Statistics, Python, Power BI. Responsibilities include building data pipelines, working with stakeholders, and delivering insights. Nice-to-have: strong communication and problem-solving skills."
JOB0029,Mid ML Engineer,AlgoSphere,Delhi,1200000,2400000,INR,2025-01-19,"We are looking for a ML Engineer to join our team. Required skills: Docker, AWS, PyTorch, CI/CD, Model Serving, GCP. Responsibilities include building data pipelines, working with stakeholders, and delivering insights. Nice-to-have: strong communication and problem-solving skills."
JOB0030,Junior Data Scientist,InSight Labs,Bengaluru,550000,1100000,INR,2025-02-05,"We are looking for a Data Scientist to join our team. Required skills: Pandas, NLP, Scikit-learn, Tableau, TensorFlow, NumPy. Responsibilities include building data pipelines, working with stakeholders, and delivering insights. Nice-to-have: strong communication and problem-solving skills."
JOB0031,Senior Data Scientist,AlgoSphere,Hyderabad,2200000,3850000,INR,2025-07-11,"We are looking for a Data Scientist to join our team. Required skills: NumPy, Deep Learning, NLP, Matplotlib, TensorFlow, SQL. Responsibilities include building data pipelines, working with stakeholders, and delivering insights. Nice-to-have: strong communication and problem-solving skills."
JOB0032,Junior Backend Developer,StackForge,Bengaluru,525000,1050000,INR,2024-10-29,"We are looking for a Backend Developer to join our team. Required skills: FastAPI, REST, Django, Celery, GraphQL, Docker. Responsibilities include building data pipelines, working with stakeholders, and delivering insights. Nice-to-have: strong communication and problem-solving skills."
JOB0033,Senior Data Engineer,NeoByte,Pune,2300000,4025000,INR,2024-12-17,"We are looking for a Data Engineer to join our team. Required skills: Hadoop, Data Warehousing, Redshift, Kafka, GCP, AWS. Responsibilities include building data pipelines, working with stakeholders, and delivering insights. Nice-to-have: strong communication and problem-solving skills."
JOB0034,Senior Data Scientist,BluePanda,Bengaluru,2200000,3850000,INR,2024-11-01,"We are looking for a Data Scientist to join our team. Required skills: Python, Power BI, PyTorch, NumPy, Data Visualization, TensorFlow. Responsibilities include building data pipelines, working with stakeholders, and delivering insights. Nice-to-have: strong communication and problem-solving skills."
JOB0035,Junior Business Analyst,BluePanda,Chennai,450000,900000,INR,2025-02-16,"We are looking for a Business Analyst to join our team. Required skills: Excel, Python, Storytelling, Statistics, Data Visualization, SQL. Responsibilities include building data pipelines, working with stakeholders, and delivering insights. Nice-to-have: strong communication and problem-solving skills."
JOB0036,Lead Backend Developer,CloudAxis,Mumbai,3150000,4725000,INR,2025-02-10,"We are looking for a Backend Developer to join our team. Required skills: FastAPI, Python, REST, GraphQL, PostgreSQL, Docker. Responsibilities include building data pipelines, working with stakeholders, and delivering insights. Nice-to-have: strong communication and problem-solving skills."
JOB0037,Junior ML Engineer,NeoByte,Delhi,600000,1200000,INR,2024-12-10,"We are looking for a ML Engineer to join our team. Required skills: Kubernetes, Feature Stores, Azure, AWS, FastAPI, PyTorch. Responsibilities include building data pipelines, working with stakeholders, and delivering insights. Nice-to-have: strong communication and problem-solving skills."
JOB0038,Junior ML Engineer,BluePanda,Hyderabad,600000,1200000,INR,2024-10-31,"We are looking for a ML Engineer to join our team. Required skills: PyTorch, Airflow, Kubernetes, AWS, MLOps, Docker. Responsibilities include building data pipelines, working with stakeholders, and delivering insights. Nice-to-have: strong communication and problem-solving skills."
JOB0039,Junior Business Analyst,BluePanda,Bengaluru,450000,900000,INR,2024-12-05,"We are looking for a Business Analyst to join our team. Required skills: Statistics, Tableau, Excel, Python, Power BI, Data Visualization. Responsibilities include building data pipelines, working with stakeholders, and delivering insights. Nice-to-have: strong communication and problem-solving skills."
JOB0040,Lead ML Engineer,NeoByte,Bengaluru,3600000,5400000,INR,2025-03-03,"We are looking for a ML Engineer to join our team. Required skills: Kubernetes, Docker, TensorFlow, Feature Stores, Model Serving, Azure. Responsibilities include building data pipelines, working with stakeholders, and delivering insights. Nice-to-have: strong communication and problem-solving skills."
JOB0041,Junior Business Analyst,AlgoSphere,Mumbai,450000,900000,INR,2024-10-05,"We are looking for a Business Analyst to join our team. Required skills: Excel, Data Visualization, Python, Statistics, Power BI, SQL. Responsibilities include building data pipelines, working with stakeholders, and delivering insights. Nice-to-have: strong communication and problem-solving skills."
JOB0042,Senior Backend Developer,AlgoSphere,Chennai,2100000,3675000,INR,2024-11-16,"We are looking for a Backend Developer to join our team. Required skills: PostgreSQL, Docker, Celery, Django, Flask, REST. Responsibilities include building data pipelines, working with stakeholders, and delivering insights. Nice-to-have: strong communication and problem-solving skills."
JOB0043,Junior Data Engineer,BluePanda,Bengaluru,575000,1150000,INR,2025-03-19,"We are looking for a Data Engineer to join our team. Required skills: GCP, Redshift, DBT, Data Warehousing, Hadoop, Airflow. Responsibilities include building data pipelines, working with stakeholders, and delivering insights. Nice-to-have: strong communication and problem-solving skills."
JOB0044,Senior Data Scientist,AlgoSphere,Delhi,2200000,3850000,INR,2025-01-16,"We are looking for a Data Scientist to join our team. Required skills: Data Visualization, Tableau, Pandas, Matplotlib, TensorFlow, NLP. Responsibilities include building data pipelines, working with stakeholders, and delivering insights. Nice-to-have: strong communication and problem-solving skills."
JOB0045,Lead Business Analyst,AlgoSphere,Chennai,2700000,4050000,INR,2025-06-22,"We are looking for a Business Analyst to join our team. Required skills: Data Visualization, Power BI, Excel, Tableau, Storytelling, A/B Testing. Responsibilities include building data pipelines, working with stakeholders, and delivering insights. Nice-to-have: strong communication and problem-solving skills."
JOB0046,Junior Backend Developer,BluePanda,Pune,525000,1050000,INR,2025-06-17,"We are looking for a Backend Developer to join our team. Required skills: REST, Unit Testing, Flask, PostgreSQL, Redis, Docker. Responsibilities include building data pipelines, working with stakeholders, and delivering insights. Nice-to-have: strong communication and problem-solving skills."
JOB0047,Lead Business Analyst,InSight Labs,Pune,2700000,4050000,INR,2025-01-03,"We are looking for a Business Analyst to join our team. Required skills: Statistics, Tableau, Data Visualization, Python, Excel, SQL. Responsibilities include building data pipelines, working with stakeholders, and delivering insights. Nice-to-have: strong communication and problem-solving skills."
JOB0048,Junior Backend Developer,AlgoSphere,Delhi,525000,1050000,INR,2024-09-03,"We are looking for a Backend Developer to join our team. Required skills: Flask, REST, Unit Testing, Celery, Django, Python. Responsibilities include building data pipelines, working with stakeholders, and delivering insights. Nice-to-have: strong communication and problem-solving skills."
JOB0049,Lead ML Engineer,DataWorks,Chennai,3600000,5400000,INR,2025-03-03,"We are looking for a ML Engineer to join our team. Required skills: AWS, CI/CD, FastAPI, MLOps, Model Serving, GCP. Responsibilities include building data pipelines, working with stakeholders, and delivering insights. Nice-to-have: strong communication and problem-solving skills."
JOB0050,Junior ML Engineer,TechNova,Hyderabad,600000,1200000,INR,2024-09-05,"We are looking for a ML Engineer to join our team. Required skills: Feature Stores, AWS, MLOps, PyTorch, Azure, GCP. Responsibilities include building data pipelines, working with stakeholders, and delivering insights. Nice-to-have: strong communication and problem-solving skills."
JOB0051,Lead Backend Developer,DataWorks,Hyderabad,3150000,4725000,INR,2025-06-20,"We are looking for a Backend Developer to join our team. Required skills: FastAPI, Redis, Celery, GraphQL, PostgreSQL, Flask. Responsibilities include building data pipelines, working with stakeholders, and delivering insights. Nice-to-have: strong communication and problem-solving skills."
JOB0052,Lead Business Analyst,BluePanda,Mumbai,2700000,4050000,INR,2025-05-04,"We are looking for a Business Analyst to join our team. Required skills: Power BI, Statistics, Tableau, Python, Excel, Storytelling. Responsibilities include building data pipelines, working with stakeholders, and delivering insights. Nice-to-have: strong communication and problem-solving skills."
JOB0053,Senior Full Stack Developer,NeoByte,Delhi,2000000,3500000,INR,2025-01-21,"We are looking for a Full Stack Developer to join our team. Required skills: MongoDB, TypeScript, Express, Node, Git, React. Responsibilities include building data pipelines, working with stakeholders, and delivering insights. Nice-to-have: strong communication and problem-solving skills."
JOB0054,Mid Backend Developer,CloudAxis,Bengaluru,1050000,2100000,INR,2025-03-07,"We are looking for a Backend Developer to join our team. Required skills: Flask, PostgreSQL, FastAPI, Unit Testing, Python, Redis. Responsibilities include building data pipelines, working with stakeholders, and delivering insights. Nice-to-have: strong communication and problem-solving skills."
JOB0055,Lead Data Engineer,InSight Labs,Mumbai,3450000,5174999,INR,2025-06-01,"We are looking for a Data Engineer to join our team. Required skills: Python, Hadoop, ETL, Snowflake, Azure, DBT. Responsibilities include building data pipelines, working with stakeholders, and delivering insights. Nice-to-have: strong communication and problem-solving skills."
JOB0056,Senior Full Stack Developer,TechNova,Chennai,2000000,3500000,INR,2024-12-01,"We are looking for a Full Stack Developer to join our team. Required skills: Express, PostgreSQL, CI/CD, Docker, Node, MongoDB. Responsibilities include building data pipelines, working with stakeholders, and delivering insights. Nice-to-have: strong communication and problem-solving skills."
JOB0057,Junior Data Engineer,InSight Labs,Chennai,575000,1150000,INR,2025-04-07,"We are looking for a Data Engineer to join our team. Required skills: ETL, Airflow, Data Warehousing, Snowflake, DBT, Spark. Responsibilities include building data pipelines, working with stakeholders, and delivering insights. Nice-to-have: strong communication and problem-solving skills."
JOB0058,Lead ML Engineer,TechNova,Mumbai,3600000,5400000,INR,2024-10-19,"We are looking for a ML Engineer to join our team. Required skills: FastAPI, Model Serving, CI/CD, Python, TensorFlow, AWS. Responsibilities include building data pipelines, working with stakeholders, and delivering insights. Nice-to-have: strong communication and problem-solving skills."
JOB0059,Senior Full Stack Developer,TechNova,Hyderabad,2000000,3500000,INR,2025-02-21,"We are looking for a Full Stack Developer to join our team. Required skills: PostgreSQL, REST, Node, MongoDB, CI/CD, React. Responsibilities include building data pipelines, working with stakeholders, and delivering insights. Nice-to-have: strong communication and problem-solving skills."
JOB0060,Junior Data Engineer,StackForge,Chennai,575000,1150000,INR,2024-12-03,"We are looking for a Data Engineer to join our team. Required skills: AWS, Python, Snowflake, GCP, Redshift, Airflow. Responsibilities include building data pipelines, working with stakeholders, and delivering insights. Nice-to-have: strong communication and problem-solving skills."
JOB0061,Junior Business Analyst,TechNova,Bengaluru,450000,900000,INR,2024-12-11,"We are looking for a Business Analyst to join our team. Required skills: Tableau, Python, A/B Testing, SQL, Data Visualization, Excel. Responsibilities include building data pipelines, working with stakeholders, and delivering insights. Nice-to-have: strong communication and problem-solving skills."
JOB0062,Mid ML Engineer,DataWorks,Chennai,1200000,2400000,INR,2024-11-02,"We are looking for a ML Engineer to join our team. Required skills: GCP, Airflow, Docker, Kubernetes, PyTorch, TensorFlow. Responsibilities include building data pipelines, working with stakeholders, and delivering insights. Nice-to-have: strong communication and problem-solving skills."
JOB0063,Senior Data Engineer,TechNova,Bengaluru,2300000,4025000,INR,2025-06-10,"We are looking for a Data Engineer to join our team. Required skills: Azure, Data Warehousing, ETL, Snowflake, Hadoop, SQL. Responsibilities include building data pipelines, working with stakeholders, and delivering insights. Nice-to-have: strong communication and problem-solving skills."
JOB0064,Junior Business Analyst,NeoByte,Delhi,450000,900000,INR,2025-05-10,"We are looking for a Business Analyst to join our team. Required skills: Data Visualization, Excel, A/B Testing, Python, SQL, Power BI. Responsibilities include building data pipelines, working with stakeholders, and delivering insights. Nice-to-have: strong communication and problem-solving skills."
JOB0065,Junior Full Stack Developer,AlgoSphere,Delhi,500000,1000000,INR,2025-04-18,"We are looking for a Full Stack Developer to join our team. Required skills: Docker, CI/CD, REST, JavaScript, PostgreSQL, MongoDB. Responsibilities include building data pipelines, working with stakeholders, and delivering insights. Nice-to-have: strong communication and problem-solving skills."
JOB0066,Lead Data Scientist,AlgoSphere,Chennai,3300000,4950000,INR,2025-06-22,"We are looking for a Data Scientist to join our team. Required skills: Matplotlib, NumPy, Machine Learning, Tableau, NLP, TensorFlow. Responsibilities include building data pipelines, working with stakeholders, and delivering insights. Nice-to-have: strong communication and problem-solving skills."
JOB0067,Lead Backend Developer,InSight Labs,Chennai,3150000,4725000,INR,2024-12-31,"We are looking for a Backend Developer to join our team. Required skills: Docker, REST, GraphQL, Flask, PostgreSQL, Python. Responsibilities include building data pipelines, working with stakeholders, and delivering insights. Nice-to-have: strong communication and problem-solving skills."
JOB0068,Lead Full Stack Developer,InSight Labs,Hyderabad,3000000,4500000,INR,2024-11-27,"We are looking for a Full Stack Developer to join our team. Required skills: REST, JavaScript, MongoDB, AWS, React, Node. Responsibilities include building data pipelines, working with stakeholders, and delivering insights. Nice-to-have: strong communication and problem-solving skills."
JOB0069,Senior Data Engineer,AlgoSphere,Pune,2300000,4025000,INR,2024-11-16,"We are looking for a Data Engineer to join our team. Required skills: Azure, Snowflake, Kafka, GCP, Python, Data Warehousing. Responsibilities include building data pipelines, working with stakeholders, and delivering insights. Nice-to-have: strong communication and problem-solving skills."
JOB0070,Lead Data Scientist,BluePanda,Hyderabad,3300000,4950000,INR,2025-03-28,"We are looking for a Data Scientist to join our team. Required skills: NLP, Seaborn, Scikit-learn, Matplotlib, Deep Learning, Data Visualization. Responsibilities include building data pipelines, working with stakeholders, and delivering insights. Nice-to-have: strong communication and problem-solving skills."
JOB0071,Mid Data Scientist,StackForge,Bengaluru,1100000,2200000,INR,2025-02-15,"We are looking for a Data Scientist to join our team. Required skills: Machine Learning, Matplotlib, Scikit-learn, TensorFlow, Data Visualization, SQL. Responsibilities include building data pipelines, working with stakeholders, and delivering insights. Nice-to-have: strong communication and problem-solving skills."
JOB0072,Lead Full Stack Developer,AlgoSphere,Mumbai,3000000,4500000,INR,2025-01-14,"We are looking for a Full Stack Developer to join our team. Required skills: AWS, Docker, REST, Git, MongoDB, React. Responsibilities include building data pipelines, working with stakeholders, and delivering insights. Nice-to-have: strong communication and problem-solving skills."
JOB0073,Mid Data Engineer,DataWorks,Hyderabad,1150000,2300000,INR,2024-11-29,"We are looking for a Data Engineer to join our team. Required skills: Airflow, SQL, Snowflake, GCP, Spark, Hadoop. Responsibilities include building data pipelines, working with stakeholders, and delivering insights. Nice-to-have: strong communication and problem-solving skills."
JOB0074,Senior Business Analyst,StackForge,Chennai,1800000,3150000,INR,2025-01-12,"We are looking for a Business Analyst to join our team. Required skills: Excel, Tableau, Power BI, Python, A/B Testing, Storytelling. Responsibilities include building data pipelines, working with stakeholders, and delivering insights. Nice-to-have: strong communication and problem-solving skills."
JOB0075,Senior Data Scientist,CloudAxis,Delhi,2200000,3850000,INR,2024-10-02,"We are looking for a Data Scientist to join our team. Required skills: Python, Power BI, NLP, TensorFlow, NumPy, Deep Learning. Responsibilities include building data pipelines, working with stakeholders, and delivering insights. Nice-to-have: strong communication and problem-solving skills."
JOB0076,Lead Data Scientist,StackForge,Mumbai,3300000,4950000,INR,2025-04-12,"We are looking for a Data Scientist to join our team. Required skills: Deep Learning, Power BI, PyTorch, NumPy, Python, TensorFlow. Responsibilities include building data pipelines, working with stakeholders, and delivering insights. Nice-to-have: strong communication and problem-solving skills."
JOB0077,Lead Data Scientist,BluePanda,Bengaluru,3300000,4950000,INR,2024-10-26,"We are looking for a Data Scientist to join our team. Required skills: Pandas, SQL, Data Visualization, Seaborn, Python, NumPy. Responsibilities include building data pipelines, working with stakeholders, and delivering insights. Nice-to-have: strong communication and problem-solving skills."
JOB0078,Mid Backend Developer,DataWorks,Pune,1050000,2100000,INR,2025-02-21,"We are looking for a Backend Developer to join our team. Required skills: Django, Celery, PostgreSQL, Flask, Docker, REST. Responsibilities include building data pipelines, working with stakeholders, and delivering insights. Nice-to-have: strong communication and problem-solving skills."
JOB0079,Lead Full Stack Developer,StackForge,Chennai,3000000,4500000,INR,2024-11-25,"We are looking for a Full Stack Developer to join our team. Required skills: Express, Git, CI/CD, JavaScript, TypeScript, PostgreSQL. Responsibilities include building data pipelines, working with stakeholders, and delivering insights. Nice-to-have: strong communication and problem-solving skills."
JOB0080,Junior Business Analyst,StackForge,Hyderabad,450000,900000,INR,2024-08-12,"We are looking for a Business Analyst to join our team. Required skills: Power BI, Tableau, Excel, Data Visualization, SQL, A/B Testing. Responsibilities include building data pipelines, working with stakeholders, and delivering insights. Nice-to-have: strong communication and problem-solving skills."
JOB0081,Senior Full Stack Developer,InSight Labs,Chennai,2000000,3500000,INR,2025-07-28,"We are looking for a Full Stack Developer to join our team. Required skills: JavaScript, Node, Express, Git, MongoDB, AWS. Responsibilities include building data pipelines, working with stakeholders, and delivering insights. Nice-to-have: strong communication and problem-solving skills."
JOB0082,Lead ML Engineer,NeoByte,Pune,3600000,5400000,INR,2024-10-22,"We are looking for a ML Engineer to join our team. Required skills: TensorFlow, Azure, MLOps, CI/CD, PyTorch, Docker. Responsibilities include building data pipelines, working with stakeholders, and delivering insights. Nice-to-have: strong communication and problem-solving skills."
JOB0083,Senior Data Scientist,CloudAxis,Bengaluru,2200000,3850000,INR,2025-04-07,"We are looking for a Data Scientist to join our team. Required skills: SQL, Matplotlib, Power BI, TensorFlow, Deep Learning, Pandas. Responsibilities include building data pipelines, working with stakeholders, and delivering insights. Nice-to-have: strong communication and problem-solving skills."
JOB0084,Senior Business Analyst,BluePanda,Pune,1800000,3150000,INR,2025-03-20,"We are looking for a Business Analyst to join our team. Required skills: Python, Statistics, Tableau, SQL, Data Visualization, Storytelling. Responsibilities include building data pipelines, working with stakeholders, and delivering insights. Nice-to-have: strong communication and problem-solving skills."
JOB0085,Junior Business Analyst,StackForge,Pune,450000,900000,INR,2025-07-21,"We are looking for a Business Analyst to join our team. Required skills: Excel, Tableau, Storytelling, Data Visualization, A/B Testing, SQL. Responsibilities include building data pipelines, working with stakeholders, and delivering insights. Nice-to-have: strong communication and problem-solving skills."
JOB0086,Mid Data Engineer,TechNova,Mumbai,1150000,2300000,INR,2025-06-06,"We are looking for a Data Engineer to join our team. Required skills: AWS, GCP, Data Warehousing, DBT, Kafka, Spark. Responsibilities include building data pipelines, working with stakeholders, and delivering insights. Nice-to-have: strong communication and problem-solving skills."
JOB0087,Junior Full Stack Developer,InSight Labs,Delhi,500000,1000000,INR,2024-10-03,"We are looking for a Full Stack Developer to join our team. Required skills: MongoDB, REST, PostgreSQL, CI/CD, Docker, AWS. Responsibilities include building data pipelines, working with stakeholders, and delivering insights. Nice-to-have: strong communication and problem-solving skills."
JOB0088,Lead ML Engineer,BluePanda,Pune,3600000,5400000,INR,2024-09-25,"We are looking for a ML Engineer to join our team. Required skills: Docker, CI/CD, AWS, Azure, Python, GCP. Responsibilities include building data pipelines, working with stakeholders, and delivering insights. Nice-to-have: strong communication and problem-solving skills."
JOB0089,Junior Data Engineer,AlgoSphere,Pune,575000,1150000,INR,2025-03-10,"We are looking for a Data Engineer to join our team. Required skills: Redshift, ETL, GCP, Python, Snowflake, AWS. Responsibilities include building data pipelines, working with stakeholders, and delivering insights. Nice-to-have: strong communication and problem-solving skills."
JOB0090,Lead Data Scientist,AlgoSphere,Hyderabad,3300000,4950000,INR,2025-05-19,"We are looking for a Data Scientist to join our team. Required skills: Data Visualization, Deep Learning, Seaborn, Python, Scikit-learn, TensorFlow. Responsibilities include building data pipelines, working with stakeholders, and delivering insights. Nice-to-have: strong communication and problem-solving skills."
JOB0091,Lead ML Engineer,InSight Labs,Pune,3600000,5400000,INR,2025-01-17,"We are looking for a ML Engineer to join our team. Required skills: TensorFlow, Python, CI/CD, FastAPI, MLOps, PyTorch. Responsibilities include building data pipelines, working with stakeholders, and delivering insights. Nice-to-have: strong communication and problem-solving skills."
JOB0092,Junior Backend Developer,BluePanda,Bengaluru,525000,1050000,INR,2025-04-23,"We are looking for a Backend Developer to join our team. Required skills: Flask, Django, Redis, Docker, GraphQL, Celery. Responsibilities include building data pipelines, working with stakeholders, and delivering insights. Nice-to-have: strong communication and problem-solving skills."
JOB0093,Lead Business Analyst,StackForge,Pune,2700000,4050000,INR,2025-02-23,"We are looking for a Business Analyst to join our team. Required skills: Statistics, Python, Excel, Tableau, Data Visualization, A/B Testing. Responsibilities include building data pipelines, working with stakeholders, and delivering insights. Nice-to-have: strong communication and problem-solving skills."
JOB0094,Junior ML Engineer,CloudAxis,Mumbai,600000,1200000,INR,2024-08-12,"We are looking for a ML Engineer to join our team. Required skills: Docker, Feature Stores, AWS, Kubernetes, Azure, Model Serving. Responsibilities include building data pipelines, working with stakeholders, and delivering insights. Nice-to-have: strong communication and problem-solving skills."
JOB0095,Lead Data Engineer,StackForge,Delhi,3450000,5174999,INR,2025-01-28,"We are looking for a Data Engineer to join our team. Required skills: DBT, Spark, AWS, GCP, Snowflake, Airflow. Responsibilities include building data pipelines, working with stakeholders, and delivering insights. Nice-to-have: strong communication and problem-solving skills."
JOB0096,Lead Backend Developer,BluePanda,Mumbai,3150000,4725000,INR,2024-09-02,"We are looking for a Backend Developer to join our team. Required skills: GraphQL, Flask, Docker, PostgreSQL, Django, Celery. Responsibilities include building data pipelines, working with stakeholders, and delivering insights. Nice-to-have: strong communication and problem-solving skills."
JOB0097,Lead Data Engineer,InSight Labs,Delhi,3450000,5174999,INR,2024-10-14,"We are looking for a Data Engineer to join our team. Required skills: ETL, Data Warehousing, Redshift, Spark, AWS, Python. Responsibilities include building data pipelines, working with stakeholders, and delivering insights. Nice-to-have: strong communication and problem-solving skills."
JOB0098,Junior Backend Developer,AlgoSphere,Mumbai,525000,1050000,INR,2024-10-23,"We are looking for a Backend Developer to join our team. Required skills: Redis, Django, Celery, Unit Testing, Python, GraphQL. Responsibilities include building data pipelines, working with stakeholders, and delivering insights. Nice-to-have: strong communication and problem-solving skills."
JOB0099,Junior Full Stack Developer,CloudAxis,Delhi,500000,1000000,INR,2025-01-26,"We are looking for a Full Stack Developer to join our team. Required skills: MongoDB, Express, REST, PostgreSQL, TypeScript, Docker. Responsibilities include building data pipelines, working with stakeholders, and delivering insights. Nice-to-have: strong communication and problem-solving skills."
JOB0100,Senior Business Analyst,BluePanda,Mumbai,1800000,3150000,INR,2024-12-05,"We are looking for a Business Analyst to join our team. Required skills: Statistics, SQL, Data Visualization, Python, Excel, Power BI. Responsibilities include building data pipelines, working with stakeholders, and delivering insights. Nice-to-have: strong communication and problem-solving skills."
JOB0101,Junior Business Analyst,BluePanda,Bengaluru,450000,900000,INR,2024-09-03,"We are looking for a Business Analyst to join our team. Required skills: Excel, Statistics, Python, Storytelling, Power BI, SQL. Responsibilities include building data pipelines, working with stakeholders, and delivering insights. Nice-to-have: strong communication and problem-solving skills."
JOB0102,Senior Data Engineer,StackForge,Bengaluru,2300000,4025000,INR,2025-05-27,"We are looking for a Data Engineer to join our team. Required skills: Airflow, ETL, Spark, Hadoop, GCP, Redshift. Responsibilities include building data pipelines, working with stakeholders, and delivering insights. Nice-to-have: strong communication and problem-solving skills."
JOB0103,Mid Business Analyst,CloudAxis,Hyderabad,900000,1800000,INR,2025-06-05,"We are looking for a Business Analyst to join our team. Required skills: Excel, A/B Testing, Data Visualization, Storytelling, Python, Tableau. Responsibilities include building data pipelines, working with stakeholders, and delivering insights. Nice-to-have: strong communication and problem-solving skills."
JOB0104,Senior ML Engineer,InSight Labs,Hyderabad,2400000,4200000,INR,2025-07-23,"We are looking for a ML Engineer to join our team. Required skills: GCP, Docker, CI/CD, Python, Model Serving, Feature Stores. Responsibilities include building data pipelines, working with stakeholders, and delivering insights. Nice-to-have: strong communication and problem-solving skills."
JOB0105,Lead Backend Developer,DataWorks,Hyderabad,3150000,4725000,INR,2025-04-01,"We are looking for a Backend Developer to join our team. Required skills: GraphQL, Docker, REST, PostgreSQL, Unit Testing, FastAPI. Responsibilities include building data pipelines, working with stakeholders, and delivering insights. Nice-to-have: strong communication and problem-solving skills."
JOB0106,Lead Data Engineer,BluePanda,Hyderabad,3450000,5174999,INR,2025-08-04,"We are looking for a Data Engineer to join our team. Required skills: SQL, Hadoop, ETL, Azure, Airflow, Kafka. Responsibilities include building data pipelines, working with stakeholders, and delivering insights. Nice-to-have: strong communication and problem-solving skills."
JOB0107,Senior Data Engineer,BluePanda,Bengaluru,2300000,4025000,INR,2025-01-04,"We are looking for a Data Engineer to join our team. Required skills: Python, Azure, Data Warehousing, DBT, Redshift, AWS. Responsibilities include building data pipelines, working with stakeholders, and delivering insights. Nice-to-have: strong communication and problem-solving skills."
JOB0108,Mid ML Engineer,AlgoSphere,Mumbai,1200000,2400000,INR,2025-06-28,"We are looking for a ML Engineer to join our team. Required skills: CI/CD, MLOps, FastAPI, Docker, PyTorch, TensorFlow. Responsibilities include building data pipelines, working with stakeholders, and delivering insights. Nice-to-have: strong communication and problem-solving skills."
JOB0109,Lead Business Analyst,StackForge,Bengaluru,2700000,4050000,INR,2025-01-25,"We are looking for a Business Analyst to join our team. Required skills: SQL, Storytelling, Statistics, Excel, Python, Power BI. Responsibilities include building data pipelines, working with stakeholders, and delivering insights. Nice-to-have: strong communication and problem-solving skills."
JOB0110,Mid Business Analyst,CloudAxis,Chennai,900000,1800000,INR,2024-12-20,"We are looking for a Business Analyst to join our team. Required skills: Power BI, Storytelling, Data Visualization, A/B Testing, Python, Excel. Responsibilities include building data pipelines, working with stakeholders, and delivering insights. Nice-to-have: strong communication and problem-solving skills."
JOB0111,Junior Full Stack Developer,AlgoSphere,Pune,500000,1000000,INR,2025-05-23,"We are looking for a Full Stack Developer to join our team. Required skills: MongoDB, TypeScript, React, Node, PostgreSQL, AWS. Responsibilities include building data pipelines, working with stakeholders, and delivering insights. Nice-to-have: strong communication and problem-solving skills."
JOB0112,Junior Data Engineer,BluePanda,Bengaluru,575000,1150000,INR,2025-06-06,"We are looking for a Data Engineer to join our team. Required skills: Kafka, GCP, SQL, AWS, Airflow, DBT. Responsibilities include building data pipelines, working with stakeholders, and delivering insights. Nice-to-have: strong communication and problem-solving skills."
JOB0113,Junior Full Stack Developer,AlgoSphere,Delhi,500000,1000000,INR,2024-12-02,"We are looking for a Full Stack Developer to join our team. Required skills: CI/CD, Node, MongoDB, JavaScript, REST, Express. Responsibilities include building data pipelines, working with stakeholders, and delivering insights. Nice-to-have: strong communication and problem-solving skills."
JOB0114,Senior Business Analyst,InSight Labs,Bengaluru,1800000,3150000,INR,2025-04-20,"We are looking for a Business Analyst to join our team. Required skills: A/B Testing, Excel, Statistics, SQL, Storytelling, Power BI. Responsibilities include building data pipelines, working with stakeholders, and delivering insights. Nice-to-have: strong communication and problem-solving skills."
JOB0115,Mid Data Scientist,NeoByte,Bengaluru,1100000,2200000,INR,2025-06-07,"We are looking for a Data Scientist to join our team. Required skills: Machine Learning, Deep Learning, PyTorch, Data Visualization, NLP, Power BI. Responsibilities include building data pipelines, working with stakeholders, and delivering insights. Nice-to-have: strong communication and problem-solving skills."
JOB0116,Lead Business Analyst,CloudAxis,Delhi,2700000,4050000,INR,2025-07-30,"We are looking for a Business Analyst to join our team. Required skills: Excel, Statistics, Data Visualization, Tableau, Power BI, SQL. Responsibilities include building data pipelines, working with stakeholders, and delivering insights. Nice-to-have: strong communication and problem-solving skills."
JOB0117,Lead Data Engineer,InSight Labs,Hyderabad,3450000,5174999,INR,2025-07-07,"We are looking for a Data Engineer to join our team. Required skills: Hadoop, Airflow, SQL, Data Warehousing, Redshift, GCP. Responsibilities include building data pipelines, working with stakeholders, and delivering insights. Nice-to-have: strong communication and problem-solving skills."
JOB0118,Senior Data Engineer,BluePanda,Bengaluru,2300000,4025000,INR,2024-09-05,"We are looking for a Data Engineer to join our team. Required skills: Hadoop, SQL, AWS, Redshift, DBT, Python. Responsibilities include building data pipelines, working with stakeholders, and delivering insights. Nice-to-have: strong communication and problem-solving skills."
JOB0119,Mid Data Engineer,CloudAxis,Hyderabad,1150000,2300000,INR,2024-12-08,"We are looking for a Data Engineer to join our team. Required skills: SQL, Redshift, GCP, Hadoop, Azure, Data Warehousing. Responsibilities include building data pipelines, working with stakeholders, and delivering insights. Nice-to-have: strong communication and problem-solving skills."
JOB0120,Senior Data Engineer,TechNova,Hyderabad,2300000,4025000,INR,2024-10-06,"We are looking for a Data Engineer to join our team. Required skills: DBT, Spark, Redshift, GCP, Kafka, Snowflake. Responsibilities include building data pipelines, working with stakeholders, and delivering insights. Nice-to-have: strong communication and problem-solving skills."
JOB0121,Junior Business Analyst,CloudAxis,Bengaluru,450000,900000,INR,2024-12-24,"We are looking for a Business Analyst to join our team. Required skills: Storytelling, Tableau, Data Visualization, Power BI, SQL, Excel. Responsibilities include building data pipelines, working with stakeholders, and delivering insights. Nice-to-have: strong communication and problem-solving skills."
JOB0122,Junior Data Scientist,BluePanda,Hyderabad,550000,1100000,INR,2025-06-10,"We are looking for a Data Scientist to join our team. Required skills: Matplotlib, Pandas, Deep Learning, Seaborn, PyTorch, NLP. Responsibilities include building data pipelines, working with stakeholders, and delivering insights. Nice-to-have: strong communication and problem-solving skills."
JOB0123,Junior Data Scientist,NeoByte,Chennai,550000,1100000,INR,2025-07-06,"We are looking for a Data Scientist to join our team. Required skills: Matplotlib, Seaborn, Data Visualization, NLP, TensorFlow, Deep Learning. Responsibilities include building data pipelines, working with stakeholders, and delivering insights. Nice-to-have: strong communication and problem-solving skills."
JOB0124,Lead Data Scientist,InSight Labs,Bengaluru,3300000,4950000,INR,2024-09-21,"We are looking for a Data Scientist to join our team. Required skills: Machine Learning, Data Visualization, Pandas, Deep Learning, Matplotlib, Seaborn. Responsibilities include building data pipelines, working with stakeholders, and delivering insights. Nice-to-have: strong communication and problem-solving skills."
JOB0125,Junior Data Engineer,CloudAxis,Mumbai,575000,1150000,INR,2025-08-10,"We are looking for a Data Engineer to join our team. Required skills: Spark, Kafka, Azure, Data Warehousing, Snowflake, GCP. Responsibilities include building data pipelines, working with stakeholders, and delivering insights. Nice-to-have: strong communication and problem-solving skills."
JOB0126,Lead Data Engineer,StackForge,Chennai,3450000,5174999,INR,2024-11-29,"We are looking for a Data Engineer to join our team. Required skills: GCP, Azure, ETL, SQL, Data Warehousing, DBT. Responsibilities include building data pipelines, working with stakeholders, and delivering insights. Nice-to-have: strong communication and problem-solving skills."
JOB0127,Lead Full Stack Developer,NeoByte,Chennai,3000000,4500000,INR,2025-03-17,"We are looking for a Full Stack Developer to join our team. Required skills: REST, MongoDB, PostgreSQL, Git, TypeScript, React. Responsibilities include building data pipelines, working with stakeholders, and delivering insights. Nice-to-have: strong communication and problem-solving skills."
JOB0128,Senior Data Engineer,StackForge,Delhi,2300000,4025000,INR,2024-09-27,"We are looking for a Data Engineer to join our team. Required skills: Spark, Data Warehousing, AWS, SQL, Redshift, Azure. Responsibilities include building data pipelines, working with stakeholders, and delivering insights. Nice-to-have: strong communication and problem-solving skills."
JOB0129,Mid Full Stack Developer,AlgoSphere,Bengaluru,1000000,2000000,INR,2024-10-12,"We are looking for a Full Stack Developer to join our team. Required skills: Docker, JavaScript, Git, AWS, REST, MongoDB. Responsibilities include building data pipelines, working with stakeholders, and delivering insights. Nice-to-have: strong communication and problem-solving skills."
JOB0130,Junior Full Stack Developer,BluePanda,Pune,500000,1000000,INR,2025-04-27,"We are looking for a Full Stack Developer to join our team. Required skills: Express, Git, AWS, REST, TypeScript, CI/CD. Responsibilities include building data pipelines, working with stakeholders, and delivering insights. Nice-to-have: strong communication and problem-solving skills."
JOB0131,Mid ML Engineer,InSight Labs,Hyderabad,1200000,2400000,INR,2024-12-31,"We are looking for a ML Engineer to join our team. Required skills: Model Serving, TensorFlow, Kubernetes, Azure, Airflow, Feature Stores. Responsibilities include building data pipelines, working with stakeholders, and delivering insights. Nice-to-have: strong communication and problem-solving skills."
JOB0132,Junior Backend Developer,BluePanda,Hyderabad,525000,1050000,INR,2025-01-16,"We are looking for a Backend Developer to join our team. Required skills: Docker, REST, Python, FastAPI, Redis, GraphQL. Responsibilities include building data pipelines, working with stakeholders, and delivering insights. Nice-to-have: strong communication and problem-solving skills."
JOB0133,Mid Data Engineer,TechNova,Pune,1150000,2300000,INR,2024-10-22,"We are looking for a Data Engineer to join our team. Required skills: DBT, Spark, Azure, Data Warehousing, ETL, SQL. Responsibilities include building data pipelines, working with stakeholders, and delivering insights. Nice-to-have: strong communication and problem-solving skills."
JOB0134,Junior Business Analyst,TechNova,Delhi,450000,900000,INR,2024-10-30,"We are looking for a Business Analyst to join our team. Required skills: Python, Tableau, Statistics, A/B Testing, Storytelling, Power BI. Responsibilities include building data pipelines, working with stakeholders, and delivering insights. Nice-to-have: strong communication and problem-solving skills."
JOB0135,Junior Data Engineer,AlgoSphere,Pune,575000,1150000,INR,2024-12-28,"We are looking for a Data Engineer to join our team. Required skills: Python, Spark, Redshift, Azure, DBT, SQL. Responsibilities include building data pipelines, working with stakeholders, and delivering insights. Nice-to-have: strong communication and problem-solving skills."
JOB0136,Lead Full Stack Developer,BluePanda,Delhi,3000000,4500000,INR,2025-04-30,"We are looking for a Full Stack Developer to join our team. Required skills: Git, MongoDB, PostgreSQL, Express, Node, AWS. Responsibilities include building data pipelines, working with stakeholders, and delivering insights. Nice-to-have: strong communication and problem-solving skills."
JOB0137,Junior Data Scientist,BluePanda,Pune,550000,1100000,INR,2025-07-18,"We are looking for a Data Scientist to join our team. Required skills: TensorFlow, Data Visualization, Tableau, SQL, Deep Learning, NLP. Responsibilities include building data pipelines, working with stakeholders, and delivering insights. Nice-to-have: strong communication and problem-solving skills."
JOB0138,Lead Data Engineer,NeoByte,Bengaluru,3450000,5174999,INR,2024-10-20,"We are looking for a Data Engineer to join our team. Required skills: Azure, Python, Redshift, Hadoop, Kafka, Data Warehousing. Responsibilities include building data pipelines, working with stakeholders, and delivering insights. Nice-to-have: strong communication and problem-solving skills."
JOB0139,Junior Data Engineer,AlgoSphere,Pune,575000,1150000,INR,2025-02-21,"We are looking for a Data Engineer to join our team. Required skills: Python, AWS, Snowflake, ETL, Spark, Azure. Responsibilities include building data pipelines, working with stakeholders, and delivering insights. Nice-to-have: strong communication and problem-solving skills."
JOB0140,Senior Backend Developer,NeoByte,Delhi,2100000,3675000,INR,2024-09-19,"We are looking for a Backend Developer to join our team. Required skills: Django, PostgreSQL, Python, Docker, Celery, Flask. Responsibilities include building data pipelines, working with stakeholders, and delivering insights. Nice-to-have: strong communication and problem-solving skills."
JOB0141,Lead Data Engineer,BluePanda,Mumbai,3450000,5174999,INR,2024-08-21,"We are looking for a Data Engineer to join our team. Required skills: Snowflake, Data Warehousing, ETL, Kafka, SQL, DBT. Responsibilities include building data pipelines, working with stakeholders, and delivering insights. Nice-to-have: strong communication and problem-solving skills."
JOB0142,Senior Data Engineer,InSight Labs,Hyderabad,2300000,4025000,INR,2025-05-06,"We are looking for a Data Engineer to join our team. Required skills: SQL, ETL, DBT, Hadoop, Redshift, Azure. Responsibilities include building data pipelines, working with stakeholders, and delivering insights. Nice-to-have: strong communication and problem-solving skills."
JOB0143,Senior Data Scientist,StackForge,Chennai,2200000,3850000,INR,2025-07-01,"We are looking for a Data Scientist to join our team. Required skills: Scikit-learn, PyTorch, Seaborn, NumPy, Pandas, NLP. Responsibilities include building data pipelines, working with stakeholders, and delivering insights. Nice-to-have: strong communication and problem-solving skills."
JOB0144,Senior Data Scientist,NeoByte,Mumbai,2200000,3850000,INR,2024-10-24,"We are looking for a Data Scientist to join our team. Required skills: PyTorch, Matplotlib, Data Visualization, NumPy, Scikit-learn, Pandas. Responsibilities include building data pipelines, working with stakeholders, and delivering insights. Nice-to-have: strong communication and problem-solving skills."
JOB0145,Mid Data Engineer,CloudAxis,Hyderabad,1150000,2300000,INR,2025-04-05,"We are looking for a Data Engineer to join our team. Required skills: Redshift, DBT, Data Warehousing, SQL, Spark, AWS. Responsibilities include building data pipelines, working with stakeholders, and delivering insights. Nice-to-have: strong communication and problem-solving skills."
JOB0146,Senior Backend Developer,InSight Labs,Mumbai,2100000,3675000,INR,2025-03-25,"We are looking for a Backend Developer to join our team. Required skills: Unit Testing, GraphQL, FastAPI, Redis, Python, Flask. Responsibilities include building data pipelines, working with stakeholders, and delivering insights. Nice-to-have: strong communication and problem-solving skills."
JOB0147,Junior Business Analyst,StackForge,Pune,450000,900000,INR,2024-09-09,"We are looking for a Business Analyst to join our team. Required skills: Storytelling, Excel, Power BI, Tableau, Python, SQL. Responsibilities include building data pipelines, working with stakeholders, and delivering insights. Nice-to-have: strong communication and problem-solving skills."
JOB0148,Junior Data Engineer,DataWorks,Pune,575000,1150000,INR,2024-09-01,"We are looking for a Data Engineer to join our team. Required skills: Azure, DBT, GCP, ETL, AWS, Snowflake. Responsibilities include building data pipelines, working with stakeholders, and delivering insights. Nice-to-have: strong communication and problem-solving skills."
JOB0149,Senior Full Stack Developer,NeoByte,Mumbai,2000000,3500000,INR,2024-10-02,"We are looking for a Full Stack Developer to join our team. Required skills: Git, MongoDB, Docker, React, JavaScript, Node. Responsibilities include building data pipelines, working with stakeholders, and delivering insights. Nice-to-have: strong communication and problem-solving skills."
JOB0150,Mid Data Engineer,DataWorks,Delhi,1150000,2300000,INR,2025-05-05,"We are looking for a Data Engineer to join our team. Required skills: Python, Hadoop, Snowflake, AWS, Data Warehousing, GCP. Responsibilities include building data pipelines, working with stakeholders, and delivering insights. Nice-to-have: strong communication and problem-solving skills."
JOB0151,Senior Backend Developer,AlgoSphere,Hyderabad,2100000,3675000,INR,2024-09-06,"We are looking for a Backend Developer to join our team. Required skills: REST, PostgreSQL, Docker, GraphQL, Redis, Unit Testing. Responsibilities include building data pipelines, working with stakeholders, and delivering insights. Nice-to-have: strong communication and problem-solving skills."
JOB0152,Junior Business Analyst,AlgoSphere,Delhi,450000,900000,INR,2024-12-18,"We are looking for a Business Analyst to join our team. Required skills: Storytelling, Excel, Data Visualization, Python, Tableau, Power BI. Responsibilities include building data pipelines, working with stakeholders, and delivering insights. Nice-to-have: strong communication and problem-solving skills."
JOB0153,Senior Business Analyst,CloudAxis,Delhi,1800000,3150000,INR,2025-06-11,"We are looking for a Business Analyst to join our team. Required skills: Excel, Power BI, Statistics, A/B Testing, Tableau, Python. Responsibilities include building data pipelines, working with stakeholders, and delivering insights. Nice-to-have: strong communication and problem-solving skills."
JOB0154,Lead Business Analyst,StackForge,Bengaluru,2700000,4050000,INR,2025-07-07,"We are looking for a Business Analyst to join our team. Required skills: Storytelling, Power BI, Python, A/B Testing, Data Visualization, SQL. Responsibilities include building data pipelines, working with stakeholders, and delivering insights. Nice-to-have: strong communication and problem-solving skills."
JOB0155,Junior Business Analyst,AlgoSphere,Chennai,450000,900000,INR,2024-11-17,"We are looking for a Business Analyst to join our team. Required skills: Storytelling, Data Visualization, Excel, A/B Testing, Power BI, Tableau. Responsibilities include building data pipelines, working with stakeholders, and delivering insights. Nice-to-have: strong communication and problem-solving skills."
JOB0156,Junior ML Engineer,CloudAxis,Hyderabad,600000,1200000,INR,2024-08-30,"We are looking for a ML Engineer to join our team. Required skills: Docker, Feature Stores, TensorFlow, Azure, CI/CD, FastAPI. Responsibilities include building data pipelines, working with stakeholders, and delivering insights. Nice-to-have: strong communication and problem-solving skills."
JOB0157,Lead Business Analyst,CloudAxis,Pune,2700000,4050000,INR,2025-03-23,"We are looking for a Business Analyst to join our team. Required skills: Power BI, Python, Excel, Storytelling, Data Visualization, A/B Testing. Responsibilities include building data pipelines, working with stakeholders, and delivering insights. Nice-to-have: strong communication and problem-solving skills."
JOB0158,Mid Data Scientist,AlgoSphere,Chennai,1100000,2200000,INR,2025-05-11,"We are looking for a Data Scientist to join our team. Required skills: Deep Learning, SQL, TensorFlow, Matplotlib, Power BI, Scikit-learn. Responsibilities include building data pipelines, working with stakeholders, and delivering insights. Nice-to-have: strong communication and problem-solving skills."
JOB0159,Mid ML Engineer,InSight Labs,Pune,1200000,2400000,INR,2025-02-22,"We are looking for a ML Engineer to join our team. Required skills: Kubernetes, CI/CD, FastAPI, GCP, Feature Stores, Docker. Responsibilities include building data pipelines, working with stakeholders, and delivering insights. Nice-to-have: strong communication and problem-solving skills."
JOB0160,Mid Backend Developer,BluePanda,Mumbai,1050000,2100000,INR,2025-04-14,"We are looking for a Backend Developer to join our team. Required skills: Flask, Docker, FastAPI, REST, Python, GraphQL. Responsibilities include building data pipelines, working with stakeholders, and delivering insights. Nice-to-have: strong communication and problem-solving skills."
JOB0161,Junior Data Engineer,DataWorks,Mumbai,575000,1150000,INR,2024-10-25,"We are looking for a Data Engineer to join our team. Required skills: Kafka, SQL, Spark, DBT, AWS, GCP. Responsibilities include building data pipelines, working with stakeholders, and delivering insights. Nice-to-have: strong communication and problem-solving skills."
JOB0162,Lead Full Stack Developer,NeoByte,Bengaluru,3000000,4500000,INR,2025-02-18,"We are looking for a Full Stack Developer to join our team. Required skills: REST, JavaScript, PostgreSQL, CI/CD, Git, Express. Responsibilities include building data pipelines, working with stakeholders, and delivering insights. Nice-to-have: strong communication and problem-solving skills."
JOB0163,Senior ML Engineer,DataWorks,Chennai,2400000,4200000,INR,2024-10-20,"We are looking for a ML Engineer to join our team. Required skills: MLOps, Python, Kubernetes, TensorFlow, Airflow, PyTorch. Responsibilities include building data pipelines, working with stakeholders, and delivering insights. Nice-to-have: strong communication and problem-solving skills."
JOB0164,Mid Data Scientist,InSight Labs,Pune,1100000,2200000,INR,2024-09-20,"We are looking for a Data Scientist to join our team. Required skills: Seaborn, Matplotlib, Deep Learning, Power BI, SQL, Python. Responsibilities include building data pipelines, working with stakeholders, and delivering insights. Nice-to-have: strong communication and problem-solving skills."
JOB0165,Mid Data Scientist,NeoByte,Pune,1100000,2200000,INR,2025-01-05,"We are looking for a Data Scientist to join our team. Required skills: NLP, Matplotlib, SQL, Power BI, Machine Learning, Pandas. Responsibilities include building data pipelines, working with stakeholders, and delivering insights. Nice-to-have: strong communication and problem-solving skills."
JOB0166,Junior ML Engineer,DataWorks,Pune,600000,1200000,INR,2024-10-06,"We are looking for a ML Engineer to join our team. Required skills: MLOps, AWS, CI/CD, FastAPI, GCP, TensorFlow. Responsibilities include building data pipelines, working with stakeholders, and delivering insights. Nice-to-have: strong communication and problem-solving skills."
JOB0167,Mid Full Stack Developer,TechNova,Mumbai,1000000,2000000,INR,2025-02-07,"We are looking for a Full Stack Developer to join our team. Required skills: AWS, React, Express, PostgreSQL, JavaScript, Git. Responsibilities include building data pipelines, working with stakeholders, and delivering insights. Nice-to-have: strong communication and problem-solving skills."
JOB0168,Mid ML Engineer,BluePanda,Mumbai,1200000,2400000,INR,2025-05-07,"We are looking for a ML Engineer to join our team. Required skills: CI/CD, Model Serving, TensorFlow, Azure, Kubernetes, Airflow. Responsibilities include building data pipelines, working with stakeholders, and delivering insights. Nice-to-have: strong communication and problem-solving skills."
JOB0169,Lead Backend Developer,TechNova,Mumbai,3150000,4725000,INR,2024-08-19,"We are looking for a Backend Developer to join our team. Required skills: Redis, Python, PostgreSQL, GraphQL, FastAPI, Unit Testing. Responsibilities include building data pipelines, working with stakeholders, and delivering insights. Nice-to-have: strong communication and problem-solving skills."
JOB0170,Mid Data Engineer,AlgoSphere,Bengaluru,1150000,2300000,INR,2024-10-18,"We are looking for a Data Engineer to join our team. Required skills: Snowflake, Data Warehousing, Redshift, SQL, Azure, Airflow. Responsibilities include building data pipelines, working with stakeholders, and delivering insights. Nice-to-have: strong communication and problem-solving skills."
JOB0171,Mid Data Scientist,AlgoSphere,Pune,1100000,2200000,INR,2024-10-19,"We are looking for a Data Scientist to join our team. Required skills: Tableau, Seaborn, Data Visualization, Deep Learning, Matplotlib, NumPy. Responsibilities include building data pipelines, working with stakeholders, and delivering insights. Nice-to-have: strong communication and problem-solving skills."
JOB0172,Junior Data Scientist,InSight Labs,Delhi,550000,1100000,INR,2025-01-16,"We are looking for a Data Scientist to join our team. Required skills: TensorFlow, Scikit-learn, Python, Tableau, Seaborn, PyTorch. Responsibilities include building data pipelines, working with stakeholders, and delivering insights. Nice-to-have: strong communication and problem-solving skills."
JOB0173,Senior Backend Developer,InSight Labs,Chennai,2100000,3675000,INR,2025-07-12,"We are looking for a Backend Developer to join our team. Required skills: Python, Flask, REST, GraphQL, PostgreSQL, Unit Testing. Responsibilities include building data pipelines, working with stakeholders, and delivering insights. Nice-to-have: strong communication and problem-solving skills."
JOB0174,Senior Data Engineer,DataWorks,Pune,2300000,4025000,INR,2024-11-14,"We are looking for a Data Engineer to join our team. Required skills: ETL, DBT, Snowflake, AWS, Redshift, Airflow. Responsibilities include building data pipelines, working with stakeholders, and delivering insights. Nice-to-have: strong communication and problem-solving skills."
JOB0175,Senior Full Stack Developer,InSight Labs,Delhi,2000000,3500000,INR,2025-06-15,"We are looking for a Full Stack Developer to join our team. Required skills: Docker, Express, TypeScript, PostgreSQL, Git, Node. Responsibilities include building data pipelines, working with stakeholders, and delivering insights. Nice-to-have: strong communication and problem-solving skills."
JOB0176,Senior ML Engineer,StackForge,Mumbai,2400000,4200000,INR,2025-03-27,"We are looking for a ML Engineer to join our team. Required skills: TensorFlow, Model Serving, Kubernetes, CI/CD, Docker, FastAPI. Responsibilities include building data pipelines, working with stakeholders, and delivering insights. Nice-to-have: strong communication and problem-solving skills."
JOB0177,Mid Backend Developer,BluePanda,Delhi,1050000,2100000,INR,2025-06-21,"We are looking for a Backend Developer to join our team. Required skills: Redis, GraphQL, Unit Testing, Python, Docker, FastAPI. Responsibilities include building data pipelines, working with stakeholders, and delivering insights. Nice-to-have: strong communication and problem-solving skills."
JOB0178,Junior Full Stack Developer,TechNova,Pune,500000,1000000,INR,2024-10-23,"We are looking for a Full Stack Developer to join our team. Required skills: CI/CD, AWS, PostgreSQL, REST, React, JavaScript. Responsibilities include building data pipelines, working with stakeholders, and delivering insights. Nice-to-have: strong communication and problem-solving skills."
JOB0179,Junior Backend Developer,InSight Labs,Delhi,525000,1050000,INR,2025-05-28,"We are looking for a Backend Developer to join our team. Required skills: FastAPI, Django, Flask, GraphQL, Unit Testing, Celery. Responsibilities include building data pipelines, working with stakeholders, and delivering insights. Nice-to-have: strong communication and problem-solving skills."
JOB0180,Lead Data Scientist,CloudAxis,Mumbai,3300000,4950000,INR,2025-05-09,"We are looking for a Data Scientist to join our team. Required skills: PyTorch, Power BI, Deep Learning, Pandas, SQL, NumPy. Responsibilities include building data pipelines, working with stakeholders, and delivering insights. Nice-to-have: strong communication and problem-solving skills."
JOB0181,Senior Data Engineer,AlgoSphere,Chennai,2300000,4025000,INR,2025-02-25,"We are looking for a Data Engineer to join our team. Required skills: Hadoop, SQL, Python, Spark, AWS, GCP. Responsibilities include building data pipelines, working with stakeholders, and delivering insights. Nice-to-have: strong communication and problem-solving skills."
JOB0182,Senior Backend Developer,StackForge,Bengaluru,2100000,3675000,INR,2024-10-19,"We are looking for a Backend Developer to join our team. Required skills: Redis, Flask, REST, Unit Testing, Django, Python. Responsibilities include building data pipelines, working with stakeholders, and delivering insights. Nice-to-have: strong communication and problem-solving skills."
JOB0183,Lead Data Scientist,CloudAxis,Chennai,3300000,4950000,INR,2025-08-09,"We are looking for a Data Scientist to join our team. Required skills: Pandas, Seaborn, Data Visualization, PyTorch, Tableau, Matplotlib. Responsibilities include building data pipelines, working with stakeholders, and delivering insights. Nice-to-have: strong communication and problem-solving skills."
JOB0184,Senior Data Scientist,StackForge,Mumbai,2200000,3850000,INR,2025-02-12,"We are looking for a Data Scientist to join our team. Required skills: Tableau, NumPy, Matplotlib, Seaborn, Data Visualization, Power BI. Responsibilities include building data pipelines, working with stakeholders, and delivering insights. Nice-to-have: strong communication and problem-solving skills."
JOB0185,Mid Backend Developer,DataWorks,Hyderabad,1050000,2100000,INR,2025-05-31,"We are looking for a Backend Developer to join our team. Required skills: FastAPI, Flask, Redis, Python, Unit Testing, REST. Responsibilities include building data pipelines, working with stakeholders, and delivering insights. Nice-to-have: strong communication and problem-solving skills."
JOB0186,Junior Data Engineer,CloudAxis,Chennai,575000,1150000,INR,2025-03-08,"We are looking for a Data Engineer to join our team. Required skills: SQL, Kafka, ETL, AWS, GCP, Snowflake. Responsibilities include building data pipelines, working with stakeholders, and delivering insights. Nice-to-have: strong communication and problem-solving skills."
JOB0187,Senior Backend Developer,CloudAxis,Bengaluru,2100000,3675000,INR,2025-02-03,"We are looking for a Backend Developer to join our team. Required skills: Unit Testing, Django, Redis, Celery, GraphQL, REST. Responsibilities include building data pipelines, working with stakeholders, and delivering insights. Nice-to-have: strong communication and problem-solving skills."
JOB0188,Mid ML Engineer,CloudAxis,Mumbai,1200000,2400000,INR,2025-01-13,"We are looking for a ML Engineer to join our team. Required skills: AWS, Azure, Python, TensorFlow, Feature Stores, PyTorch. Responsibilities include building data pipelines, working with stakeholders, and delivering insights. Nice-to-have: strong communication and problem-solving skills."
JOB0189,Mid ML Engineer,AlgoSphere,Hyderabad,1200000,2400000,INR,2025-07-02,"We are looking for a ML Engineer to join our team. Required skills: Kubernetes, Azure, Docker, TensorFlow, Airflow, MLOps. Responsibilities include building data pipelines, working with stakeholders, and delivering insights. Nice-to-have: strong communication and problem-solving skills."
JOB0190,Senior Backend Developer,CloudAxis,Pune,2100000,3675000,INR,2024-10-28,"We are looking for a Backend Developer to join our team. Required skills: Docker, Celery, Django, FastAPI, REST, PostgreSQL. Responsibilities include building data pipelines, working with stakeholders, and delivering insights. Nice-to-have: strong communication and problem-solving skills."
JOB0191,Junior ML Engineer,AlgoSphere,Delhi,600000,1200000,INR,2025-07-10,"We are looking for a ML Engineer to join our team. Required skills: Model Serving, Python, TensorFlow, Feature Stores, FastAPI, Docker. Responsibilities include building data pipelines, working with stakeholders, and delivering insights. Nice-to-have: strong communication and problem-solving skills."
JOB0192,Junior ML Engineer,BluePanda,Mumbai,600000,1200000,INR,2024-12-14,"We are looking for a ML Engineer to join our team. Required skills: GCP, CI/CD, Azure, Docker, Feature Stores, Model Serving. Responsibilities include building data pipelines, working with stakeholders, and delivering insights. Nice-to-have: strong communication and problem-solving skills."
JOB0193,Lead Business Analyst,StackForge,Chennai,2700000,4050000,INR,2025-04-05,"We are looking for a Business Analyst to join our team. Required skills: Excel, SQL, Python, Tableau, Storytelling, Data Visualization. Responsibilities include building data pipelines, working with stakeholders, and delivering insights. Nice-to-have: strong communication and problem-solving skills."
JOB0194,Senior ML Engineer,CloudAxis,Pune,2400000,4200000,INR,2025-02-16,"We are looking for a ML Engineer to join our team. Required skills: Model Serving, Airflow, Kubernetes, Feature Stores, AWS, PyTorch. Responsibilities include building data pipelines, working with stakeholders, and delivering insights. Nice-to-have: strong communication and problem-solving skills."
JOB0195,Senior Backend Developer,DataWorks,Mumbai,2100000,3675000,INR,2024-10-22,"We are looking for a Backend Developer to join our team. Required skills: Flask, Redis, Django, REST, Unit Testing, Celery. Responsibilities include building data pipelines, working with stakeholders, and delivering insights. Nice-to-have: strong communication and problem-solving skills."
JOB0196,Lead Data Scientist,StackForge,Bengaluru,3300000,4950000,INR,2025-06-02,"We are looking for a Data Scientist to join our team. Required skills: Tableau, SQL, Machine Learning, Scikit-learn, NumPy, PyTorch. Responsibilities include building data pipelines, working with stakeholders, and delivering insights. Nice-to-have: strong communication and problem-solving skills."
JOB0197,Mid Business Analyst,NeoByte,Pune,900000,1800000,INR,2024-09-26,"We are looking for a Business Analyst to join our team. Required skills: Statistics, Python, Tableau, Power BI, A/B Testing, SQL. Responsibilities include building data pipelines, working with stakeholders, and delivering insights. Nice-to-have: strong communication and problem-solving skills."
JOB0198,Mid Full Stack Developer,InSight Labs,Mumbai,1000000,2000000,INR,2025-04-21,"We are looking for a Full Stack Developer to join our team. Required skills: Node, Git, REST, JavaScript, Docker, React. Responsibilities include building data pipelines, working with stakeholders, and delivering insights. Nice-to-have: strong communication and problem-solving skills."
JOB0199,Senior Backend Developer,InSight Labs,Delhi,2100000,3675000,INR,2025-02-14,"We are looking for a Backend Developer to join our team. Required skills: Celery, Python, Django, PostgreSQL, Unit Testing, FastAPI. Responsibilities include building data pipelines, working with stakeholders, and delivering insights. Nice-to-have: strong communication and problem-solving skills."
JOB0200,Lead Full Stack Developer,TechNova,Pune,3000000,4500000,INR,2025-01-05,"We are looking for a Full Stack Developer to join our team. Required skills: JavaScript, Git, Docker, Node, REST, Express. Responsibilities include building data pipelines, working with stakeholders, and delivering insights. Nice-to-have: strong communication and problem-solving skills."
JOB0201,Senior Data Scientist,InSight Labs,Chennai,2200000,3850000,INR,2024-09-29,"We are looking for a Data Scientist to join our team. Required skills: Tableau, SQL, Data Visualization, Power BI, Pandas, NumPy. Responsibilities include building data pipelines, working with stakeholders, and delivering insights. Nice-to-have: strong communication and problem-solving skills."
JOB0202,Senior Full Stack Developer,AlgoSphere,Pune,2000000,3500000,INR,2024-08-31,"We are looking for a Full Stack Developer to join our team. Required skills: React, Node, Git, Docker, PostgreSQL, Express. Responsibilities include building data pipelines, working with stakeholders, and delivering insights. Nice-to-have: strong communication and problem-solving skills."
JOB0203,Senior Data Scientist,CloudAxis,Bengaluru,2200000,3850000,INR,2025-05-01,"We are looking for a Data Scientist to join our team. Required skills: Seaborn, Deep Learning, NLP, Tableau, NumPy, SQL. Responsibilities include building data pipelines, working with stakeholders, and delivering insights. Nice-to-have: strong communication and problem-solving skills."
JOB0204,Mid ML Engineer,AlgoSphere,Pune,1200000,2400000,INR,2025-04-27,"We are looking for a ML Engineer to join our team. Required skills: AWS, FastAPI, Airflow, Docker, Feature Stores, Kubernetes. Responsibilities include building data pipelines, working with stakeholders, and delivering insights. Nice-to-have: strong communication and problem-solving skills."
JOB0205,Senior Backend Developer,InSight Labs,Mumbai,2100000,3675000,INR,2025-03-12,"We are looking for a Backend Developer to join our team. Required skills: Redis, Python, GraphQL, Celery, Unit Testing, Docker. Responsibilities include building data pipelines, working with stakeholders, and delivering insights. Nice-to-have: strong communication and problem-solving skills."
JOB0206,Lead Backend Developer,TechNova,Pune,3150000,4725000,INR,2024-11-06,"We are looking for a Backend Developer to join our team. Required skills: REST, Docker, Flask, Python, Unit Testing, Celery. Responsibilities include building data pipelines, working with stakeholders, and delivering insights. Nice-to-have: strong communication and problem-solving skills."
JOB0207,Mid Backend Developer,BluePanda,Delhi,1050000,2100000,INR,2025-03-24,"We are looking for a Backend Developer to join our team. Required skills: Unit Testing, Flask, Python, Django, Redis, Celery. Responsibilities include building data pipelines, working with stakeholders, and delivering insights. Nice-to-have: strong communication and problem-solving skills."
JOB0208,Lead Data Engineer,CloudAxis,Chennai,3450000,5174999,INR,2024-09-11,"We are looking for a Data Engineer to join our team. Required skills: Snowflake, Hadoop, ETL, GCP, Azure, AWS. Responsibilities include building data pipelines, working with stakeholders, and delivering insights. Nice-to-have: strong communication and problem-solving skills."
JOB0209,Senior Business Analyst,NeoByte,Hyderabad,1800000,3150000,INR,2025-05-17,"We are looking for a Business Analyst to join our team. Required skills: Statistics, A/B Testing, Power BI, Excel, Tableau, Python. Responsibilities include building data pipelines, working with stakeholders, and delivering insights. Nice-to-have: strong communication and problem-solving skills."
JOB0210,Lead Data Engineer,StackForge,Delhi,3450000,5174999,INR,2025-01-10,"We are looking for a Data Engineer to join our team. Required skills: Hadoop, DBT, Kafka, GCP, Snowflake, Redshift. Responsibilities include building data pipelines, working with stakeholders, and delivering insights. Nice-to-have: strong communication and problem-solving skills."
JOB0211,Lead Data Engineer,NeoByte,Delhi,3450000,5174999,INR,2024-10-12,"We are looking for a Data Engineer to join our team. Required skills: Airflow, AWS, DBT, GCP, Kafka, Azure. Responsibilities include building data pipelines, working with stakeholders, and delivering insights. Nice-to-have: strong communication and problem-solving skills."
JOB0212,Lead Backend Developer,BluePanda,Delhi,3150000,4725000,INR,2024-09-20,"We are looking for a Backend Developer to join our team. Required skills: GraphQL, FastAPI, REST, Python, Docker, Unit Testing. Responsibilities include building data pipelines, working with stakeholders, and delivering insights. Nice-to-have: strong communication and problem-solving skills."
JOB0213,Lead Data Engineer,StackForge,Chennai,3450000,5174999,INR,2024-10-20,"We are looking for a Data Engineer to join our team. Required skills: Hadoop, DBT, GCP, Kafka, Snowflake, Data Warehousing. Responsibilities include building data pipelines, working with stakeholders, and delivering insights. Nice-to-have: strong communication and problem-solving skills."
JOB0214,Mid Data Scientist,NeoByte,Mumbai,1100000,2200000,INR,2024-09-06,"We are looking for a Data Scientist to join our team. Required skills: Python, Data Visualization, NLP, Scikit-learn, Tableau, Matplotlib. Responsibilities include building data pipelines, working with stakeholders, and delivering insights. Nice-to-have: strong communication and problem-solving skills."
JOB0215,Lead Data Scientist,AlgoSphere,Chennai,3300000,4950000,INR,2024-10-30,"We are looking for a Data Scientist to join our team. Required skills: Pandas, Data Visualization, Seaborn, NumPy, Python, NLP. Responsibilities include building data pipelines, working with stakeholders, and delivering insights. Nice-to-have: strong communication and problem-solving skills."
JOB0216,Lead Full Stack Developer,InSight Labs,Delhi,3000000,4500000,INR,2024-09-10,"We are looking for a Full Stack Developer to join our team. Required skills: CI/CD, Node, Express, REST, Git, Docker. Responsibilities include building data pipelines, working with stakeholders, and delivering insights. Nice-to-have: strong communication and problem-solving skills."
JOB0217,Junior Data Scientist,NeoByte,Delhi,550000,1100000,INR,2025-04-21,"We are looking for a Data Scientist to join our team. Required skills: Power BI, NumPy, Machine Learning, Tableau, Python, Seaborn. Responsibilities include building data pipelines, working with stakeholders, and delivering insights. Nice-to-have: strong communication and problem-solving skills."
JOB0218,Junior ML Engineer,StackForge,Delhi,600000,1200000,INR,2025-01-03,"We are looking for a ML Engineer to join our team. Required skills: Python, Docker, FastAPI, Airflow, TensorFlow, Kubernetes. Responsibilities include building data pipelines, working with stakeholders, and delivering insights. Nice-to-have: strong communication and problem-solving skills."
JOB0219,Mid Full Stack Developer,InSight Labs,Delhi,1000000,2000000,INR,2024-11-02,"We are looking for a Full Stack Developer to join our team. Required skills: Docker, MongoDB, Express, Node, TypeScript, React. Responsibilities include building data pipelines, working with stakeholders, and delivering insights. Nice-to-have: strong communication and problem-solving skills."
